123456	qwe	asd	zxc	0	150
1234567	uoi	klj	kjh	0	6758
123456	qwe	asd	zxc	0	150
1234567	uoi	klj	kjh	0	6758
123456	qwe	asd	zxc	0	150
1234567	uoi	klj	kjh	0	6758
123456	qwe	asd	zxc	0	150
1234567	uoi	klj	kjh	0	6758
123456	qwe	asd	zxc	0	150
1234567	uoi	klj	kjh	0	6758
123456	qwe	asd	zxc	0	150
1234567	uoi	klj	kjh	0	6758
123456	qwe	asd	zxc	0	150
1234567	uoi	klj	kjh	0	6758
123456	qwe	asd	zxc	0	150
1234567	uoi	klj	kjh	0	6758
123456	qwe	asd	zxc	0	150
1234567	uoi	klj	kjh	0	6758
123456	qwe	asd	zxc	0	150
1234567	uoi	klj	kjh	0	6758
123456	qwe	asd	zxc	0	150
1234567	uoi	klj	kjh	0	6758
123456	qwe	asd	zxc	0	150
1234567	uoi	klj	kjh	0	6758
123456	qwe	asd	zxc	0	150
1234567	uoi	klj	kjh	0	6758
123456	qwe	asd	zxc	0	150
1234567	uoi	klj	kjh	0	6758
123456	qwe	asd	zxc	0	150
1234567	uoi	klj	kjh	0	6758